大ジャンル,商品カテゴリ,商品名,長方形画像URL,円形画像URL,商品URL,エネルギー,タンパク質,脂質,炭水化物,食塩相当量,食物繊維,糖質,ナトリウム,カリウム,トランス脂肪酸,飽和脂肪酸,カフェイン,お酒の使用,タンパク質_per_エネルギー,食物繊維_per_エネルギー,ナトリウム_per_エネルギー,カリウム_per_エネルギー,脂質_per_エネルギー,食塩相当量_per_エネルギー,糖質_per_エネルギー,トランス脂肪酸_per_エネルギー,飽和脂肪酸_per_エネルギー,カフェイン_per_エネルギー,タンパク質_偏差値,食物繊維_偏差値,ナトリウム_偏差値,カリウム_偏差値,脂質_偏差値,食塩相当量_偏差値,糖質_偏差値,トランス脂肪酸_偏差値,飽和脂肪酸_偏差値,健康偏差値,不健康偏差値
ビバレッジ,フラペチーノ®,ほうじ茶 もちっと ミルク フラペチーノ®,https://asset.menu.starbucks.co.jp/public/sku_images/4524785556560/4524785556560_11_s.jpg,image_f6cb25d5-d88d-4f1f-9fa8-0f27becdc144.png,https://menu.starbucks.co.jp/4524785556560,382.0,4.8,20.6,44.9,0.4,1.1,43.8,164.0,202.0,0.2,10.8,28.0,,0.012565445026178,0.0028795811518324,0.4293193717277487,0.5287958115183246,0.0539267015706806,0.0010471204188481,0.1146596858638743,0.000523560209424,0.0282722513089005,0.0732984293193717,44.3,46.4,45.3,45.8,56.1,46.9,48.3,52.4,59.7,45.45,52.68
ビバレッジ,フラペチーノ®,エスプレッソ  アフォガート フラペチーノ®,https://asset.menu.starbucks.co.jp/public/sku_images/4524785344143/4524785344143_11_s.jpg,image_db8149ca-3f1d-4721-bf0f-c0f2036a1a3a.png,https://menu.starbucks.co.jp/4524785344143,438.0,4.2,28.5,41.7,0.5,0.7,41.0,189.0,433.0,0.4,18.2,160.0,,0.0095890410958904,0.0015981735159817,0.4315068493150685,0.9885844748858448,0.0650684931506849,0.0011415525114155,0.093607305936073,0.0009132420091324,0.0415525114155251,0.365296803652968,43.2,45.3,45.4,46.5,60.9,47.3,44.2,61.0,71.7,45.1,57.02
ビバレッジ,フラペチーノ®,コーヒー フラペチーノ®,https://asset.menu.starbucks.co.jp/public/sku_images/4524785165731/4524785165731_11_s.jpg,image_fbbdcd42-371b-4390-8828-4ee2ae51072a.png,https://menu.starbucks.co.jp/4524785165731,170.0,2.6,2.2,35.0,0.4,0.1,34.9,164.0,238.0,0.1,1.3,86.0,,0.0152941176470588,0.0005882352941176,0.9647058823529412,1.4,0.0129411764705882,0.0023529411764705,0.2052941176470588,0.0005882352941176,0.0076470588235294,0.5058823529411764,45.4,44.5,52.5,47.1,38.3,51.1,65.9,53.8,40.9,47.375,50.0
ビバレッジ,フラペチーノ®,ダーク モカ チップ フラペチーノ®,https://asset.menu.starbucks.co.jp/public/sku_images/4524785166059/4524785166059_11_s.jpg,image_fc940bc8-055f-422f-a443-2acbbfeb55e4.png,https://menu.starbucks.co.jp/4524785166059,341.0,5.3,15.2,45.9,0.5,2.1,43.7,211.0,585.0,0.2,9.7,98.0,,0.0155425219941348,0.0061583577712609,0.6187683284457478,1.715542521994135,0.044574780058651,0.001466275659824,0.1281524926686217,0.0005865102639296,0.0284457478005865,0.2873900293255132,45.5,49.1,47.9,47.6,52.0,48.3,50.9,53.8,59.8,47.525,52.96
ビバレッジ,フラペチーノ®,キャラメル フラペチーノ®,https://asset.menu.starbucks.co.jp/public/sku_images/4524785165816/4524785165816_11_s.jpg,image_3fb6c07d-9f5b-428b-abce-7e09fa310433.png,https://menu.starbucks.co.jp/4524785165816,302.0,3.7,12.0,44.9,0.5,0.1,44.8,192.0,289.0,0.2,7.5,86.0,,0.012251655629139,0.0003311258278145,0.6357615894039735,0.956953642384106,0.0397350993377483,0.0016556291390728,0.1483443708609271,0.0006622516556291,0.0248344370860927,0.2847682119205298,44.2,44.3,48.1,46.5,49.9,48.9,54.9,55.5,56.5,45.775,53.14
ビバレッジ,フラペチーノ®,抹茶 クリーム フラペチーノ®,https://asset.menu.starbucks.co.jp/public/sku_images/4524785165892/4524785165892_11_s.jpg,image_1e658eb7-e510-42b4-9e7e-0ffbccab0cd3.png,https://menu.starbucks.co.jp/4524785165892,322.0,5.3,12.7,47.1,0.5,0.9,46.1,184.0,273.0,0.2,7.8,78.0,,0.0164596273291925,0.0027950310559006,0.5714285714285714,0.8478260869565217,0.0394409937888198,0.0015527950310559,0.143167701863354,0.0006211180124223,0.024223602484472,0.2422360248447205,45.8,46.3,47.2,46.3,49.8,48.6,53.9,54.6,56.0,46.4,52.58
ビバレッジ,フラペチーノ®,バニラ クリーム フラペチーノ®,https://asset.menu.starbucks.co.jp/public/sku_images/4524785165939/4524785165939_11_s.jpg,image_985e4227-8b49-460a-9866-affa9d4a2695.png,https://menu.starbucks.co.jp/4524785165939,255.0,4.5,12.4,31.5,0.5,0.1,31.4,184.0,206.0,0.2,7.7,0.0,,0.0176470588235294,0.000392156862745,0.7215686274509804,0.807843137254902,0.0486274509803921,0.0019607843137254,0.1231372549019607,0.0007843137254901,0.0301960784313725,0.0,46.3,44.3,49.3,46.3,53.8,49.9,50.0,58.1,61.4,46.55,54.64
ビバレッジ,フラペチーノ®,マンゴー パッション ティー フラペチーノ®,https://asset.menu.starbucks.co.jp/public/sku_images/4524785118751/4524785118751_11_s.jpg,image_1f33763b-af85-4f09-823e-e154f2fdbe8f.png,https://menu.starbucks.co.jp/4524785118751,140.0,0.7,0.0,34.4,0.2,1.0,33.4,95.0,209.0,0.0,0.0,0.0,,0.005,0.0071428571428571,0.6785714285714286,1.4928571428571429,0.0,0.0014285714285714,0.2385714285714285,0.0,0.0,0.0,41.5,49.9,48.7,47.3,32.7,48.2,72.4,40.9,34.0,46.85,45.64
ビバレッジ,フラペチーノ®,My フルーツ³ フラペチーノ® グレープ ＆ ピーチ,https://asset.menu.starbucks.co.jp/public/sku_images/4524785517479/4524785517479_11_s.jpg,image_726af359-23bb-49f4-b131-0ecc35d31049.png,https://menu.starbucks.co.jp/4524785517479,425.0,7.7,15.2,66.6,0.6,,,,,,,,,0.0181176470588235,,,,0.0357647058823529,0.0014117647058823,,,,,46.4,50.0,50.0,50.0,48.2,48.1,50.0,50.0,50.0,49.1,49.26
ビバレッジ,フラペチーノ®,My フルーツ³ フラペチーノ® ストロベリー,https://asset.menu.starbucks.co.jp/public/sku_images/4524785479791/4524785479791_11_s.jpg,image_b332788b-c479-41cc-8767-47c69ff09c94.png,https://menu.starbucks.co.jp/4524785479791,360.0,7.9,11.9,57.4,0.6,,,,,,,,,0.0219444444444444,,,,0.0330555555555555,0.0016666666666666,,,,,47.9,50.0,50.0,50.0,47.0,48.9,50.0,50.0,50.0,49.475,49.18
ビバレッジ,フラペチーノ®,和三蜜 アーモンドミルク フラペチーノ®,https://asset.menu.starbucks.co.jp/public/sku_images/4524785487345/4524785487345_11_s.jpg,image_5648b580-ece4-4211-9e1a-a98d662ce556.png,https://menu.starbucks.co.jp/4524785487345,315.0,3.0,18.0,36.7,0.6,,,,,,,,,0.0095238095238095,,,,0.0571428571428571,0.0019047619047619,,,,,43.2,50.0,50.0,50.0,57.5,49.7,50.0,50.0,50.0,48.3,51.44
ビバレッジ,フラペチーノ®,クランチー アーモンド チョコレート フラペチーノ®,https://asset.menu.starbucks.co.jp/public/sku_images/4524785324671/4524785324671_11_s.jpg,image_30a45b25-9760-4ffe-98b7-c33f9f3ed344.png,https://menu.starbucks.co.jp/4524785324671,472.0,8.4,22.4,60.7,0.6,,,,,,,,,0.0177966101694915,,,,0.047457627118644,0.0012711864406779,,,,,46.3,50.0,50.0,50.0,53.3,47.7,50.0,50.0,50.0,49.075,50.2
ビバレッジ,フラペチーノ®,ゆず & シトラス ラベンダー セージ ティー フラペチーノ®,https://asset.menu.starbucks.co.jp/public/sku_images/4524785445543/4524785445543_11_s.jpg,image_7b6a6920-85a2-4e95-92f8-6a78c8f710b9.png,https://menu.starbucks.co.jp/4524785445543,252.0,0.3,0.1,63.1,0.2,,,,,,,,,0.0011904761904761,,,,0.0003968253968253,0.0007936507936507,,,,,40.0,50.0,50.0,50.0,32.9,46.1,50.0,50.0,50.0,47.5,45.8
ビバレッジ,フラペチーノ®,ストロベリー & パッション ティー フラペチーノ®,https://asset.menu.starbucks.co.jp/public/sku_images/4524785445550/4524785445550_11_s.jpg,image_effbd6c7-a7d5-4d3a-99e7-30a43b0b5454.png,https://menu.starbucks.co.jp/4524785445550,233.0,0.3,5.4,45.9,0.04,,,,,,,,,0.0012875536480686,,,,0.023175965665236,0.0001716738197424,,,,,40.1,50.0,50.0,50.0,42.7,44.1,50.0,50.0,50.0,47.525,47.36
ビバレッジ,フラペチーノ®,和三蜜 抹茶 フラペチーノ®,https://asset.menu.starbucks.co.jp/public/sku_images/4524785445581/4524785445581_11_s.jpg,image_3b84bbe7-8497-4e63-86e5-02eea6934468.png,https://menu.starbucks.co.jp/4524785445581,303.0,6.1,12.7,42.3,0.1,,,,,,,,,0.0201320132013201,,,,0.0419141914191419,0.0003300330033003,,,,,47.2,50.0,50.0,50.0,50.9,44.7,50.0,50.0,50.0,49.3,49.12
ビバレッジ,フラペチーノ®,和三蜜 ほうじ茶 フラペチーノ®,https://asset.menu.starbucks.co.jp/public/sku_images/4524785445598/4524785445598_11_s.jpg,image_26d775db-c65b-42a3-959f-b90ce7e4bf03.png,https://menu.starbucks.co.jp/4524785445598,304.0,5.6,12.8,42.6,0.1,,,,,,,,,0.0184210526315789,,,,0.0421052631578947,0.000328947368421,,,,,46.6,50.0,50.0,50.0,50.9,44.6,50.0,50.0,50.0,49.15,49.1
ビバレッジ,フラペチーノ®,ジョイフルメドレー ティー  ラテ フラペチーノ®,https://asset.menu.starbucks.co.jp/public/sku_images/4524785526518/4524785526518_11_s.jpg,image_00919c9f-3ed3-4290-895f-50685078383b.png,https://menu.starbucks.co.jp/4524785526518,284.0,2.5,6.2,55.5,0.1,,,,,,,,,0.0088028169014084,,,,0.0218309859154929,0.0003521126760563,,,,,42.9,50.0,50.0,50.0,42.2,44.7,50.0,50.0,50.0,48.225,47.38
ビバレッジ,フラペチーノ®,My フルーツ³ フラペチーノ® オレンジ & パッションフルーツ,https://asset.menu.starbucks.co.jp/public/sku_images/4524785546974/4524785546974_11_s.jpg,image_05e6fedd-a3b1-45d3-a920-b47467c0a43c.png,https://menu.starbucks.co.jp/4524785546974,399.0,8.2,15.2,59.1,0.6,,,,,,,,,0.0205513784461152,,,,0.038095238095238,0.0015037593984962,,,,,47.4,50.0,50.0,50.0,49.2,48.4,50.0,50.0,50.0,49.35,49.52
ビバレッジ,コーヒー,ドリップ コーヒー,https://asset.menu.starbucks.co.jp/public/sku_images/4524785000018/4524785000018_11_s.jpg,image_4cc04a59-c841-4ac5-b00d-4850f99c2348.png,https://menu.starbucks.co.jp/4524785000018,18.0,1.1,0.0,3.3,0.01,0.7,2.6,6.0,404.0,0.0,0.0,276.0,,0.0611111111111111,0.0388888888888888,0.3333333333333333,22.444444444444443,0.0,0.0005555555555555,0.1444444444444444,0.0,0.0,15.333333333333334,62.7,76.4,44.0,78.9,32.7,45.4,54.1,40.9,34.0,65.5,41.42
ビバレッジ,コーヒー,カフェ ミスト,https://asset.menu.starbucks.co.jp/public/sku_images/4524785062870/4524785062870_11_s.jpg,image_9ef57cc4-9f5d-4210-96bc-32c283ceb2f2.png,https://menu.starbucks.co.jp/4524785062870,127.0,7.2,6.3,10.7,0.2,0.4,10.3,81.0,480.0,0.2,3.7,138.0,,0.0566929133858267,0.0031496062992125,0.6377952755905512,3.779527559055118,0.0496062992125984,0.0015748031496062,0.0811023622047244,0.0015748031496062,0.0291338582677165,1.0866141732283463,61.1,46.6,48.1,50.7,54.2,48.6,41.8,75.5,60.4,51.625,56.1
ビバレッジ,コーヒー,コールドブリュー コーヒー,https://asset.menu.starbucks.co.jp/public/sku_images/4524785324732/4524785324732_11_s.jpg,image_f2417ac9-1876-4869-a9c1-6c40dcadf41b.png,https://menu.starbucks.co.jp/4524785324732,10.0,0.4,0.0,2.3,0.01,0.6,1.6,5.0,205.0,0.0,0.0,144.0,,0.04,0.06,0.5,20.5,0.0,0.001,0.16,0.0,0.0,14.4,54.7,93.9,46.3,75.9,32.7,46.8,57.1,40.9,34.0,67.7,42.3
ビバレッジ,コーヒー,コーヒー プレス,https://asset.menu.starbucks.co.jp/public/sku_images/4524785046856/4524785046856_11_s.jpg,image_56e79928-2687-487e-8d75-90b7e46e8586.png,https://menu.starbucks.co.jp/4524785046856,17.0,1.0,0.0,3.1,0.01,0.7,2.4,5.0,374.0,0.0,0.0,255.0,,0.0588235294117647,0.0411764705882352,0.2941176470588235,22.0,0.0,0.0005882352941176,0.1411764705882353,0.0,0.0,15.0,61.9,78.3,43.5,78.2,32.7,45.5,53.5,40.9,34.0,65.475,41.32
ビバレッジ,コーヒー,オリアート™ ゴールデンフォーム™ コールド ブリュー,https://asset.menu.starbucks.co.jp/public/sku_images/4524785542563/4524785542563_11_s.jpg,image_367f1386-ef8b-44c0-8515-73d557602cbf.png,https://menu.starbucks.co.jp/4524785542563,256.0,1.0,23.8,11.5,0.04,,,,,,,,,0.00390625,,,,0.09296875,0.00015625,,,,,41.1,50.0,50.0,50.0,73.0,44.1,50.0,50.0,50.0,47.775,53.42
ビバレッジ,エスプレッソ,ジンジャーブレッド ラテ,https://asset.menu.starbucks.co.jp/public/sku_images/4524785033153/4524785033153_11_s.jpg,image_d397efa3-3550-44d9-8667-2e524a938dcd.png,https://menu.starbucks.co.jp/4524785033153,320.0,11.4,16.3,32.1,0.3,0.4,31.8,138.0,592.0,0.3,9.9,80.0,,0.035625,0.00125,0.43125,1.85,0.0509375,0.0009375,0.099375,0.0009375,0.0309375,0.25,53.1,45.0,45.4,47.8,54.8,46.6,45.4,61.5,62.1,47.825,54.08
ビバレッジ,エスプレッソ,スターバックス ラテ,https://asset.menu.starbucks.co.jp/public/sku_images/4524785000223/4524785000223_11_s.jpg,image_4e260e8a-98d1-449b-a761-b46ae59bc495.png,https://menu.starbucks.co.jp/4524785000223,223.0,12.5,11.5,17.7,0.3,0.3,17.4,144.0,635.0,0.3,6.7,80.0,,0.0560538116591928,0.0013452914798206,0.6457399103139013,2.8475336322869955,0.0515695067264574,0.0013452914798206,0.0780269058295964,0.0013452914798206,0.0300448430493273,0.358744394618834,60.8,45.1,48.2,49.3,55.0,47.9,41.2,70.5,61.3,50.85,55.18
ビバレッジ,エスプレッソ,ソイ ラテ,https://asset.menu.starbucks.co.jp/public/sku_images/4524785047396/4524785047396_11_s.jpg,image_5cb9a514-348d-4782-a793-334bc0461e3a.png,https://menu.starbucks.co.jp/4524785047396,208.0,11.8,13.8,10.0,0.7,1.0,9.0,213.0,661.0,0.0,2.0,80.0,,0.0567307692307692,0.0048076923076923,1.0240384615384617,3.1778846153846154,0.0663461538461538,0.0033653846153846,0.0432692307692307,0.0,0.0096153846153846,0.3846153846153846,61.1,48.0,53.3,49.8,61.5,54.4,34.5,40.9,42.7,53.05,46.8
ビバレッジ,エスプレッソ,アーモンドミルク ラテ,https://asset.menu.starbucks.co.jp/public/sku_images/4524785433106/4524785433106_11_s.jpg,image_894290d2-9bfe-479d-aa06-e20f23688393.png,https://menu.starbucks.co.jp/4524785433106,159.0,2.9,13.4,9.1,0.6,4.5,4.6,234.0,200.0,0.0,0.9,80.0,,0.0182389937106918,0.0283018867924528,1.471698113207547,1.2578616352201255,0.0842767295597484,0.0037735849056603,0.0289308176100628,0.0,0.0056603773584905,0.5031446540880503,46.5,67.5,59.4,46.9,69.2,55.7,31.7,40.9,39.1,55.075,47.32
ビバレッジ,エスプレッソ,オーツミルク ラテ,https://asset.menu.starbucks.co.jp/public/sku_images/4524785433021/4524785433021_11_s.jpg,image_b8adf003-3c82-49d9-8ce8-593627bd4e8c.png,https://menu.starbucks.co.jp/4524785433021,213.0,4.7,11.5,23.5,0.5,2.0,21.5,207.0,242.0,0.0,1.2,80.0,,0.0220657276995305,0.0093896713615023,0.971830985915493,1.136150234741784,0.0539906103286385,0.0023474178403755,0.1009389671361502,0.0,0.0056338028169014,0.3755868544600939,47.9,51.8,52.6,46.7,56.1,51.1,45.7,40.9,39.1,49.75,46.58
ビバレッジ,エスプレッソ,カプチーノ,https://asset.menu.starbucks.co.jp/public/sku_images/4524785000285/4524785000285_11_s.jpg,image_0b0a8035-a2c3-4d35-b992-002f6c403bb1.png,https://menu.starbucks.co.jp/4524785000285,114.0,6.5,5.8,9.4,0.2,0.3,9.1,72.0,380.0,0.2,3.4,80.0,,0.0570175438596491,0.0026315789473684,0.631578947368421,3.333333333333333,0.0508771929824561,0.0017543859649122,0.0798245614035087,0.0017543859649122,0.0298245614035087,0.7017543859649122,61.2,46.2,48.1,50.1,54.7,49.2,41.6,79.5,61.1,51.4,57.22
ビバレッジ,エスプレッソ,カフェ モカ,https://asset.menu.starbucks.co.jp/public/sku_images/4524785000254/4524785000254_11_s.jpg,image_581178ab-926d-4dff-98c3-bb8b83314644.png,https://menu.starbucks.co.jp/4524785000254,399.0,12.6,18.7,46.9,0.3,2.8,44.1,131.0,845.0,0.3,10.2,95.0,,0.031578947368421,0.0070175438596491,0.3283208020050125,2.117794486215539,0.0468671679197994,0.0007518796992481,0.1105263157894736,0.0007518796992481,0.025563909774436,0.238095238095238,51.5,49.8,44.0,48.2,53.0,46.0,47.5,57.4,57.2,48.375,52.22
ビバレッジ,エスプレッソ,ホワイト モカ,https://asset.menu.starbucks.co.jp/public/sku_images/4524785034532/4524785034532_11_s.jpg,image_9f2d7489-cc7d-4df0-91db-be53b54b2c7b.png,https://menu.starbucks.co.jp/4524785034532,401.0,12.8,18.3,46.8,0.5,0.4,46.4,227.0,675.0,0.3,11.5,80.0,,0.0319201995012468,0.0009975062344139,0.5660847880299252,1.6832917705735662,0.0456359102244389,0.0012468827930174,0.1157107231920199,0.0007481296758104,0.0286783042394014,0.199501246882793,51.7,44.8,47.2,47.6,52.5,47.6,48.5,57.3,60.0,47.825,53.18
ビバレッジ,エスプレッソ,キャラメル マキアート,https://asset.menu.starbucks.co.jp/public/sku_images/4524785019232/4524785019232_11_s.jpg,image_5ca71f63-a1b1-4837-acf5-61a3b0dd3955.png,https://menu.starbucks.co.jp/4524785019232,211.0,8.5,8.4,25.9,0.2,0.3,25.5,106.0,467.0,0.2,4.9,80.0,,0.0402843601895734,0.0014218009478672,0.5023696682464455,2.213270142180095,0.0398104265402843,0.0009478672985781,0.1208530805687203,0.0009478672985781,0.0232227488151658,0.3791469194312796,54.8,45.2,46.3,48.4,49.9,46.6,49.5,61.7,55.1,48.675,52.56
ビバレッジ,エスプレッソ,カフェ アメリカーノ,https://asset.menu.starbucks.co.jp/public/sku_images/4524785000315/4524785000315_11_s.jpg,image_7bc3fa6a-cdbb-48b2-b53c-891a0448f2d7.png,https://menu.starbucks.co.jp/4524785000315,11.0,0.8,0.0,2.2,0.0,0.7,1.6,0.0,247.0,0.0,0.0,160.0,,0.0727272727272727,0.0636363636363636,0.0,22.454545454545453,0.0,0.0,0.1454545454545454,0.0,0.0,14.545454545454543,67.1,97.0,39.6,78.9,32.7,43.6,54.3,40.9,34.0,70.65,41.1
ビバレッジ,エスプレッソ,エスプレッソ,https://asset.menu.starbucks.co.jp/public/sku_images/4524785000346/4524785000346_11_s.jpg,image_0a531826-4e84-46b8-93e4-0ba86aeabe24.png,https://menu.starbucks.co.jp/4524785000346,5.0,0.4,0.0,1.1,0.0,0.3,0.8,0.0,124.0,0.0,0.0,80.0,,0.08,0.06,0.0,24.8,0.0,0.0,0.16,0.0,0.0,16.0,69.9,93.9,39.6,82.4,32.7,43.6,57.1,40.9,34.0,71.45,41.66
ビバレッジ,エスプレッソ,スターバックス ブロンド ラテ with オーツミルク,https://asset.menu.starbucks.co.jp/public/sku_images/4524785487253/4524785487253_11_s.jpg,image_b219f768-aa08-4295-af8c-a2a3242d68d6.png,https://menu.starbucks.co.jp/4524785487253,213.0,4.7,11.5,23.5,0.5,2.0,21.5,207.0,242.0,0.0,1.2,80.0,,0.0220657276995305,0.0093896713615023,0.971830985915493,1.136150234741784,0.0539906103286385,0.0023474178403755,0.1009389671361502,0.0,0.0056338028169014,0.3755868544600939,47.9,51.8,52.6,46.7,56.1,51.1,45.7,40.9,39.1,49.75,46.58
ビバレッジ,エスプレッソ,トリプルエスプレッソ ラテ,https://asset.menu.starbucks.co.jp/public/sku_images/4524785457690/4524785457690_11_s.jpg,image_f26f3ae2-7bad-460f-8cc4-3af0b6114dd0.png,https://menu.starbucks.co.jp/4524785457690,219.0,11.4,9.7,22.4,0.3,1.0,21.4,122.0,801.0,0.3,5.7,239.0,,0.0520547945205479,0.0045662100456621,0.5570776255707762,3.6575342465753424,0.0442922374429223,0.0013698630136986,0.0977168949771689,0.0013698630136986,0.0260273972602739,1.091324200913242,59.3,47.8,47.1,50.5,51.9,48.0,45.0,71.0,57.6,51.175,54.7
ビバレッジ,エスプレッソ,オリアート™ オーツミルク ラテ,https://asset.menu.starbucks.co.jp/public/sku_images/4524785544406/4524785544406_11_s.jpg,image_31626368-00d3-432c-a52a-c168e96713df.png,https://menu.starbucks.co.jp/4524785544406,318.0,4.5,24.4,22.4,0.5,,,,,,,,,0.0141509433962264,,,,0.0767295597484276,0.0015723270440251,,,,,44.9,50.0,50.0,50.0,66.0,48.6,50.0,50.0,50.0,48.725,52.92
ビバレッジ,エスプレッソ,和三蜜 ムース フォーム アーモンドミルク ラテ,https://asset.menu.starbucks.co.jp/public/sku_images/4524785548541/4524785548541_11_s.jpg,image_8e98e22b-332a-404f-a5bb-b322617d2b2a.png,https://menu.starbucks.co.jp/4524785548541,154.0,3.3,10.4,14.0,0.6,,,,,,,,,0.0214285714285714,,,,0.0675324675324675,0.0038961038961038,,,,,47.7,50.0,50.0,50.0,62.0,56.1,50.0,50.0,50.0,49.425,53.62
ビバレッジ,ティー｜TEAVANA™,ほうじ茶 まろやか キャラメル ティー ラテ,https://asset.menu.starbucks.co.jp/public/sku_images/4524785556607/4524785556607_11_s.jpg,image_00a66856-7b49-476e-aa8d-4ce8ba0e720f.png,https://menu.starbucks.co.jp/4524785556607,367.0,13.3,18.3,38.1,0.4,1.0,37.1,184.0,586.0,0.4,11.1,37.0,,0.0362397820163487,0.0027247956403269,0.5013623978201635,1.5967302452316077,0.0498637602179836,0.0010899182561307,0.1010899182561308,0.0010899182561307,0.0302452316076294,0.1008174386920981,53.3,46.3,46.3,47.4,54.3,47.1,45.7,64.9,61.4,48.325,54.68
ビバレッジ,ティー｜TEAVANA™,ストロベリー ラベンダー ティー ラテ,https://asset.menu.starbucks.co.jp/public/sku_images/4524785556645/4524785556645_11_s.jpg,image_8c609add-f0aa-4aec-ac53-aa529ed25eb5.png,https://menu.starbucks.co.jp/4524785556645,265.0,5.5,11.2,35.7,0.3,0.0,35.7,127.0,324.0,0.1,7.2,229.0,,0.020754716981132,0.0,0.4792452830188679,1.2226415094339622,0.0422641509433962,0.0011320754716981,0.1347169811320754,0.000377358490566,0.0271698113207547,0.8641509433962264,47.4,44.0,46.0,46.9,51.0,47.2,52.2,49.2,58.7,46.075,51.66
ビバレッジ,ティー｜TEAVANA™,ソイ チャイ ティー ラテ,https://asset.menu.starbucks.co.jp/public/sku_images/4524785514560/4524785514560_11_s.jpg,image_b6638af5-1939-4b04-87bc-d0a07a97cfcd.png,https://menu.starbucks.co.jp/4524785514560,212.0,6.4,7.5,30.2,0.4,0.5,29.7,120.0,345.0,0.0,1.1,53.0,,0.030188679245283,0.0023584905660377,0.5660377358490566,1.6273584905660377,0.035377358490566,0.0018867924528301,0.1400943396226415,0.0,0.005188679245283,0.25,51.0,45.9,47.2,47.5,48.0,49.6,53.3,40.9,38.7,47.9,46.1
ビバレッジ,ティー｜TEAVANA™,ジョイフルメドレー ティー ラテ,https://asset.menu.starbucks.co.jp/public/sku_images/4524785343993/4524785343993_11_s.jpg,image_1029d886-6394-4a10-8112-6504332e3c67.png,https://menu.starbucks.co.jp/4524785343993,181.0,6.6,6.3,24.7,0.2,0.0,24.7,85.0,309.0,0.2,3.7,50.0,,0.03646408839779,0.0,0.4696132596685083,1.707182320441989,0.0348066298342541,0.0011049723756906,0.13646408839779,0.0011049723756906,0.0204419889502762,0.2762430939226519,53.4,44.0,45.9,47.6,47.8,47.1,52.6,65.2,52.6,47.725,53.06
ビバレッジ,ティー｜TEAVANA™,ジョイフルメドレー,https://asset.menu.starbucks.co.jp/public/sku_images/4524785348035/4524785348035_11_s.jpg,image_68bb349d-61e5-466e-a2e4-f31ad309e555.png,https://menu.starbucks.co.jp/4524785348035,2.0,0.0,0.0,0.5,0.01,0.0,0.5,4.0,30.0,0.0,0.0,50.0,,0.0,0.0,2.0,15.0,0.0,0.005,0.25,0.0,0.0,25.0,39.6,44.0,66.5,67.6,32.7,59.6,74.6,40.9,34.0,54.425,48.36
ビバレッジ,ティー｜TEAVANA™,ゆず シトラス & ティー,https://asset.menu.starbucks.co.jp/public/sku_images/4524785461154/4524785461154_11_s.jpg,image_5fc83431-72ac-44b8-8fff-a4f908dae459.png,https://menu.starbucks.co.jp/4524785461154,119.0,0.2,0.1,29.3,0.01,0.6,28.7,3.0,101.0,0.0,0.0,101.0,,0.0016806722689075,0.0050420168067226,0.0252100840336134,0.8487394957983193,0.0008403361344537,8.403361344537815e-05,0.2411764705882353,0.0,0.0,0.8487394957983193,40.2,48.2,39.9,46.3,33.1,43.9,72.9,40.9,34.0,43.65,44.96
ビバレッジ,ティー｜TEAVANA™,チャイ ティー ラテ,https://asset.menu.starbucks.co.jp/public/sku_images/4524785034204/4524785034204_11_s.jpg,image_9f78bf39-0201-42ab-82a2-1fd57a18bb3d.png,https://menu.starbucks.co.jp/4524785034204,220.0,6.7,6.3,34.4,0.2,0.2,34.2,82.0,331.0,0.2,3.7,53.0,,0.0304545454545454,0.0009090909090909,0.3727272727272727,1.5045454545454546,0.0286363636363636,0.0009090909090909,0.1554545454545454,0.0009090909090909,0.0168181818181818,0.2409090909090909,51.1,44.7,44.6,47.3,45.1,46.5,56.2,60.9,49.3,46.925,51.6
ビバレッジ,ティー｜TEAVANA™,ほうじ茶 ティー ラテ,https://asset.menu.starbucks.co.jp/public/sku_images/4524785154681/4524785154681_11_s.jpg,image_b47ff5eb-cb2e-49b2-a4c6-e8187e61792f.png,https://menu.starbucks.co.jp/4524785154681,162.0,6.9,6.3,19.5,0.2,0.0,19.5,80.0,384.0,0.2,3.7,68.0,,0.0425925925925925,0.0,0.4938271604938271,2.3703703703703702,0.0388888888888888,0.0012345679012345,0.1203703703703703,0.0012345679012345,0.0228395061728395,0.419753086419753,55.7,44.0,46.2,48.6,49.5,47.6,49.4,68.1,54.7,48.625,53.86
ビバレッジ,ティー｜TEAVANA™,抹茶 ティー ラテ,https://asset.menu.starbucks.co.jp/public/sku_images/4524785106499/4524785106499_11_s.jpg,image_31ef9df0-5395-459f-8a54-01b571d53d36.png,https://menu.starbucks.co.jp/4524785106499,225.0,7.5,6.6,34.7,0.2,0.9,33.8,80.0,346.0,0.2,3.7,78.0,,0.0333333333333333,0.004,0.3555555555555555,1.5377777777777777,0.0293333333333333,0.0008888888888888,0.1502222222222222,0.0008888888888888,0.0164444444444444,0.3466666666666667,52.2,47.3,44.3,47.4,45.4,46.4,55.2,60.4,48.9,47.8,51.26
ビバレッジ,ティー｜TEAVANA™,イングリッシュ ブレックファスト ティー ラテ,https://asset.menu.starbucks.co.jp/public/sku_images/4524785304970/4524785304970_11_s.jpg,image_1210a954-740c-45c6-baa7-35f92ba14727.png,https://menu.starbucks.co.jp/4524785304970,184.0,6.6,6.3,25.1,0.2,0.0,25.1,80.0,339.0,0.2,3.7,101.0,,0.0358695652173913,0.0,0.4347826086956521,1.8423913043478264,0.0342391304347826,0.0010869565217391,0.1364130434782609,0.0010869565217391,0.0201086956521739,0.5489130434782609,53.2,44.0,45.4,47.8,47.5,47.1,52.5,64.8,52.2,47.6,52.82
ビバレッジ,ティー｜TEAVANA™,カモミール ティー ラテ,https://asset.menu.starbucks.co.jp/public/sku_images/4524785305465/4524785305465_11_s.jpg,image_f43bf8b4-8204-4d03-8675-60579fb45965.png,https://menu.starbucks.co.jp/4524785305465,179.0,6.6,6.3,24.4,0.2,0.0,24.4,86.0,301.0,0.2,3.7,0.0,,0.0368715083798882,0.0,0.4804469273743016,1.681564245810056,0.0351955307262569,0.0011173184357541,0.1363128491620111,0.0011173184357541,0.0206703910614525,0.0,53.5,44.0,46.0,47.6,47.9,47.2,52.5,65.5,52.8,47.775,53.18
ビバレッジ,ティー｜TEAVANA™,アール グレイ ティー ラテ,https://asset.menu.starbucks.co.jp/public/sku_images/4524785305076/4524785305076_11_s.jpg,image_401fd924-9c8f-484c-88b7-0b13a728643d.png,https://menu.starbucks.co.jp/4524785305076,180.0,6.6,6.3,24.5,0.2,0.0,24.5,80.0,327.0,0.2,3.7,78.0,,0.0366666666666666,0.0,0.4444444444444444,1.8166666666666669,0.0349999999999999,0.0011111111111111,0.1361111111111111,0.0011111111111111,0.0205555555555555,0.4333333333333333,53.5,44.0,45.5,47.8,47.9,47.2,52.5,65.3,52.7,47.7,53.12
ビバレッジ,ティー｜TEAVANA™,ゼンクラウド ウーロン ティー ラテ,https://asset.menu.starbucks.co.jp/public/sku_images/4524785492820/4524785492820_11_s.jpg,image_19adf498-9aab-49b8-8f8b-9f356b5a6b52.png,https://menu.starbucks.co.jp/4524785492820,180.0,6.8,6.3,24.2,0.2,0.0,24.2,80.0,280.0,0.2,3.7,71.0,,0.0377777777777777,0.0,0.4444444444444444,1.5555555555555556,0.0349999999999999,0.0011111111111111,0.1344444444444444,0.0011111111111111,0.0205555555555555,0.3944444444444444,53.9,44.0,45.5,47.4,47.9,47.2,52.2,65.3,52.7,47.7,53.06
ビバレッジ,ティー｜TEAVANA™,アイスティー(ブラック),https://asset.menu.starbucks.co.jp/public/sku_images/4524785024748/4524785024748_11_s.jpg,image_8e498cdc-7350-4cac-b909-aa6e07fdfff7.png,https://menu.starbucks.co.jp/4524785024748,4.0,0.0,0.0,0.8,0.0,0.0,0.8,0.0,43.0,0.0,0.0,61.0,,0.0,0.0,0.0,10.75,0.0,0.0,0.2,0.0,0.0,15.25,39.6,44.0,39.6,61.2,32.7,43.6,64.9,40.9,34.0,46.1,43.22
ビバレッジ,ティー｜TEAVANA™,アイスティー(パッション),https://asset.menu.starbucks.co.jp/public/sku_images/4524785349193/4524785349193_11_s.jpg,image_69848856-dece-42e2-936a-076b851afb98.png,https://menu.starbucks.co.jp/4524785349193,4.0,0.0,0.0,1.3,0.0,0.0,1.3,0.0,36.0,0.0,0.0,0.0,,0.0,0.0,0.0,9.0,0.0,0.0,0.325,0.0,0.0,0.0,39.6,44.0,39.6,58.6,32.7,43.6,89.2,40.9,34.0,45.45,48.08
ビバレッジ,ティー｜TEAVANA™,イングリッシュ ブレックファスト,https://asset.menu.starbucks.co.jp/public/sku_images/4524785305328/4524785305328_11_s.jpg,image_d90032b8-5eda-41ed-9498-01cb30454155.png,https://menu.starbucks.co.jp/4524785305328,5.0,0.0,0.0,0.9,0.0,0.0,0.9,0.0,60.0,0.0,0.0,101.0,,0.0,0.0,0.0,12.0,0.0,0.0,0.18,0.0,0.0,20.2,39.6,44.0,39.6,63.1,32.7,43.6,61.0,40.9,34.0,46.575,42.44
ビバレッジ,ティー｜TEAVANA™,アール グレイ,https://asset.menu.starbucks.co.jp/public/sku_images/4524785305366/4524785305366_11_s.jpg,image_c477d40b-735a-46d5-b7c5-042adc55fe0c.png,https://menu.starbucks.co.jp/4524785305366,2.0,0.0,0.0,0.7,0.0,0.0,0.7,0.0,48.0,0.0,0.0,78.0,,0.0,0.0,0.0,24.0,0.0,0.0,0.35,0.0,0.0,39.0,39.6,44.0,39.6,81.2,32.7,43.6,94.0,40.9,34.0,51.1,49.04
ビバレッジ,ティー｜TEAVANA™,カモミール,https://asset.menu.starbucks.co.jp/public/sku_images/4524785305571/4524785305571_11_s.jpg,image_e49d3601-6d4c-4c96-aa1a-ed38c908b34c.png,https://menu.starbucks.co.jp/4524785305571,0.0,0.0,0.0,0.2,0.01,0.0,0.2,6.0,22.0,0.0,0.0,0.0,,,,,,,,,,,,50.0,50.0,50.0,50.0,50.0,50.0,50.0,50.0,50.0,50.0,50.0
ビバレッジ,ティー｜TEAVANA™,ユースベリー®,https://asset.menu.starbucks.co.jp/public/sku_images/4524785309104/4524785309104_11_s.jpg,image_d1e0d51d-2345-4a14-b10c-764b2dee6223.png,https://menu.starbucks.co.jp/4524785309104,5.0,0.0,0.0,0.9,0.008,0.0,0.9,3.0,21.0,0.0,0.0,9.0,,0.0,0.0,0.6,4.2,0.0,0.0016,0.18,0.0,0.0,1.8,39.6,44.0,47.6,51.4,32.7,48.7,61.0,40.9,34.0,45.65,43.46
ビバレッジ,ティー｜TEAVANA™,ほうじ茶,https://asset.menu.starbucks.co.jp/public/sku_images/4524785155473/4524785155473_11_s.jpg,image_e1327a7c-7305-45d6-8620-0c9e397b86b0.png,https://menu.starbucks.co.jp/4524785155473,3.0,0.3,0.0,0.3,0.0,0.0,0.3,0.0,105.0,0.0,0.0,68.0,,0.0999999999999999,0.0,0.0,35.0,0.0,0.0,0.0999999999999999,0.0,0.0,22.666666666666668,77.5,44.0,39.6,97.8,32.7,43.6,45.5,40.9,34.0,64.725,39.34
ビバレッジ,ティー｜TEAVANA™,ゼンクラウド ウーロン,https://asset.menu.starbucks.co.jp/public/sku_images/4524785492868/4524785492868_11_s.jpg,image_45e34da0-12b5-4995-b229-65a8ef5c7ccd.png,https://menu.starbucks.co.jp/4524785492868,1.0,0.2,0.0,0.0,0.0,0.0,0.0,0.0,0.0,0.0,0.0,71.0,,0.2,0.0,0.0,0.0,0.0,0.0,0.0,0.0,0.0,71.0,115.4,44.0,39.6,45.0,32.7,43.6,26.1,40.9,34.0,61.0,35.46
ビバレッジ,ティー｜TEAVANA™,ゆず & シトラス ラベンダー セージ ティー,https://asset.menu.starbucks.co.jp/public/sku_images/4524785445499/4524785445499_11_s.jpg,image_9d589642-5d94-4106-bc0a-e01a4f81c99b.png,https://menu.starbucks.co.jp/4524785445499,157.0,0.2,0.1,40.1,0.2,,,,,,,,,0.0012738853503184,,,,0.0006369426751592,0.0012738853503184,,,,,40.1,50.0,50.0,50.0,33.0,47.7,50.0,50.0,50.0,47.525,46.14
ビバレッジ,ティー｜TEAVANA™,ストロベリー & パッション ティー,https://asset.menu.starbucks.co.jp/public/sku_images/4524785445529/4524785445529_11_s.jpg,image_16f586be-d8c6-44a2-ac93-1a27570220c9.png,https://menu.starbucks.co.jp/4524785445529,96.0,0.1,0.5,22.9,0.01,,,,,,,,,0.0010416666666666,,,,0.0052083333333333,0.0001041666666666,,,,,40.0,50.0,50.0,50.0,34.9,43.9,50.0,50.0,50.0,47.5,45.76
ビバレッジ,ティー｜TEAVANA™,和三蜜 抹茶 ティー ラテ,https://asset.menu.starbucks.co.jp/public/sku_images/4524785445628/4524785445628_11_s.jpg,image_13f36af7-e32f-4aa2-8a23-6ec501b541bb.png,https://menu.starbucks.co.jp/4524785445628,309.0,13.6,11.7,38.6,0.3,,,,,,,,,0.0440129449838187,,,,0.0378640776699029,0.0009708737864077,,,,,56.3,50.0,50.0,50.0,49.1,46.7,50.0,50.0,50.0,51.575,49.16
ビバレッジ,ティー｜TEAVANA™,和三蜜 ほうじ茶 ティー ラテ,https://asset.menu.starbucks.co.jp/public/sku_images/4524785445611/4524785445611_11_s.jpg,image_52ea7269-fe34-4ba3-a66e-ce76259c35b2.png,https://menu.starbucks.co.jp/4524785445611,310.0,13.2,11.8,39.0,0.3,,,,,,,,,0.0425806451612903,,,,0.0380645161290322,0.0009677419354838,,,,,55.7,50.0,50.0,50.0,49.2,46.7,50.0,50.0,50.0,51.425,49.18
ビバレッジ,ティー｜TEAVANA™,ジャパニーズ チャイ ティー ラテ,https://asset.menu.starbucks.co.jp/public/sku_images/4524785498372/4524785498372_11_s.jpg,image_80e57192-dd67-4656-b14e-5fa8aa293c8b.png,https://menu.starbucks.co.jp/4524785498372,316.0,12.5,11.5,41.5,0.3,,,,,,,,,0.0395569620253164,,,,0.0363924050632911,0.0009493670886075,,,,,54.6,50.0,50.0,50.0,48.5,46.6,50.0,50.0,50.0,51.15,49.02
ビバレッジ,ティー｜TEAVANA™,アイスティー（シトラス ラベンダー セージ）,https://asset.menu.starbucks.co.jp/public/sku_images/4524785519381/4524785519381_11_s.jpg,image_7d499f36-c6ab-4d6b-b694-8feab9a5e16d.png,https://menu.starbucks.co.jp/4524785519381,40.0,0.0,0.0,10.8,0.1,,,,,,,,,0.0,,,,0.0,0.0025,,,,,39.6,50.0,50.0,50.0,32.7,51.6,50.0,50.0,50.0,47.4,46.86
ビバレッジ,ティー｜TEAVANA™,アール グレイ クラシックティー ラテ,https://asset.menu.starbucks.co.jp/public/sku_images/4524785538993/4524785538993_11_s.jpg,image_c73e247c-b07c-4a77-8f06-8aca20139e9e.png,https://menu.starbucks.co.jp/4524785538993,300.0,12.9,11.7,37.0,0.3,,,,,,,,,0.043,,,,0.039,0.001,,,,,55.9,50.0,50.0,50.0,49.6,46.8,50.0,50.0,50.0,51.475,49.28
ビバレッジ,ティー｜TEAVANA™,シトラス ラベンダー セージ,https://asset.menu.starbucks.co.jp/public/sku_images/4524785533394/4524785533394_11_s.jpg,image_f7e775e8-d9b0-430d-a6c0-e745e326d71d.png,https://menu.starbucks.co.jp/4524785533394,14.0,0.0,0.0,4.0,0.04,,,,,,,,,0.0,,,,0.0,0.0028571428571428,,,,,39.6,50.0,50.0,50.0,32.7,52.8,50.0,50.0,50.0,47.4,47.1
ビバレッジ,ティー｜TEAVANA™,アイスティー(アール グレイ),https://asset.menu.starbucks.co.jp/public/sku_images/4524785538948/4524785538948_11_s.jpg,image_5f353dd5-3cd2-4691-8c08-41269f7776c0.png,https://menu.starbucks.co.jp/4524785538948,2.0,0.0,0.0,0.6,0.0,,,,,,,,,0.0,,,,0.0,0.0,,,,,39.6,50.0,50.0,50.0,32.7,43.6,50.0,50.0,50.0,47.4,45.26
ビバレッジ,ティー｜TEAVANA™,ジョイフルメドレー フルリーフ,https://asset.menu.starbucks.co.jp/public/sku_images/4524785557222/4524785557222_11_s.jpg,image_734c0690-d0e0-46c6-ad6d-e071c49ab002.png,https://menu.starbucks.co.jp/4524785557222,20.0,1.0,1.0,5.0,0.01,,,,,,,,,0.05,,,,0.05,0.0005,,,,,58.5,50.0,50.0,50.0,54.4,45.2,50.0,50.0,50.0,52.125,49.92
ビバレッジ,ティー｜TEAVANA™,ジョイフルメドレー アプリコット ＆ ムース ティー ラテ,https://asset.menu.starbucks.co.jp/public/sku_images/4524785484887/4524785484887_11_s.jpg,image_5dea5ec9-d224-4798-9689-06bd3e490663.png,https://menu.starbucks.co.jp/4524785484887,211.0,3.9,8.5,31.3,0.1,,,,,,,,,0.0184834123222748,,,,0.0402843601895734,0.000473933649289,,,,,46.6,50.0,50.0,50.0,50.2,45.1,50.0,50.0,50.0,49.15,49.06
ビバレッジ,ティー｜TEAVANA™,ルワンダ ブラック ティー,https://asset.menu.starbucks.co.jp/public/sku_images/4524785550834/4524785550834_11_s.jpg,image_8f99bc90-eda8-4fb7-9db4-0bbe6d16921b.png,https://menu.starbucks.co.jp/4524785550834,7.0,0.6,0.1,1.6,0.0,,,,,,,,,0.0857142857142857,,,,0.0142857142857142,0.0,,,,,72.1,50.0,50.0,50.0,38.9,43.6,50.0,50.0,50.0,55.525,46.5
ビバレッジ,ティー｜TEAVANA™,ルイボス ティー ラテ,https://asset.menu.starbucks.co.jp/public/sku_images/4524785550827/4524785550827_11_s.jpg,image_9b50692c-f893-4aba-9111-975b6c7077ee.png,https://menu.starbucks.co.jp/4524785550827,184.0,6.2,5.8,27.0,0.2,,,,,,,,,0.033695652173913,,,,0.0315217391304347,0.0010869565217391,,,,,52.3,50.0,50.0,50.0,46.4,47.1,50.0,50.0,50.0,50.575,48.7
ビバレッジ,ティー｜TEAVANA™,マジェスティック チャイ ウーロン,https://asset.menu.starbucks.co.jp/public/sku_images/4524785533400/4524785533400_11_s.jpg,image_478dc920-e705-4758-930f-77c0baa0c28e.png,https://menu.starbucks.co.jp/4524785533400,10.0,1.0,1.0,1.0,0.3,,,,,,,,,0.1,,,,0.1,0.03,,,,,77.5,50.0,50.0,50.0,76.0,139.7,50.0,50.0,50.0,56.875,73.14
フード,デザート,ニューヨークチーズケーキ,https://asset.menu.starbucks.co.jp/public/sku_images/4524785308985/4524785308985_11_s.jpg,image_fdfc380f-dda8-44b7-8c44-61222e6ac4d0.png,https://menu.starbucks.co.jp/4524785308985,414.0,6.6,29.9,30.1,0.7,1.0,29.1,258.0,109.0,0.3,12.8,,なし,0.0159420289855072,0.002415458937198,0.6231884057971014,0.2632850241545894,0.0722222222222222,0.0016908212560386,0.0702898550724637,0.0007246376811594,0.0309178743961352,,45.6,46.0,47.9,45.4,64.0,49.0,39.7,56.8,62.1,46.225,54.32
フード,デザート,米粉の抹茶ロールケーキ,https://asset.menu.starbucks.co.jp/public/sku_images/4524785555723/4524785555723_11_s.jpg,image_e15e7269-b826-47e1-8450-2b4ae02051d2.png,https://menu.starbucks.co.jp/4524785555723,251.0,3.4,12.2,32.4,0.3,0.7,31.7,133.0,149.0,0.0,7.3,,なし,0.0135458167330677,0.0027888446215139,0.5298804780876494,0.5936254980079682,0.048605577689243,0.0011952191235059,0.1262948207171314,0.0,0.0290836653386454,,44.7,46.3,46.7,45.9,53.8,47.4,50.6,40.9,60.4,45.9,50.62
フード,デザート,オレンジのカスタードタルト,https://asset.menu.starbucks.co.jp/public/sku_images/4524785555716/4524785555716_11_s.jpg,image_5eea42b1-3ef2-43e7-bf77-02547732e801.png,https://menu.starbucks.co.jp/4524785555716,377.0,5.6,25.2,32.6,0.1,1.4,31.2,56.0,162.0,0.2,11.1,,なし,0.0148541114058355,0.0037135278514588,0.1485411140583554,0.4297082228116711,0.0668435013262599,0.0002652519893899,0.0827586206896551,0.0005305039787798,0.0294429708222811,,45.2,47.1,41.6,45.7,61.7,44.4,42.1,52.6,60.7,44.9,52.3
フード,デザート,チョコレートクランブル ムースケーキ,https://asset.menu.starbucks.co.jp/public/sku_images/4524785553378/4524785553378_11_s.jpg,image_35653eb4-b6e7-408c-bd73-4f27d6824e66.png,https://menu.starbucks.co.jp/4524785553378,371.0,4.2,23.6,36.4,0.1,2.1,34.3,24.0,192.0,0.1,11.8,,なし,0.0113207547169811,0.0056603773584905,0.0646900269541779,0.5175202156334232,0.0636118598382749,0.0002695417789757,0.0924528301886792,0.0002695417789757,0.0318059299191374,,43.9,48.7,40.4,45.8,60.3,44.5,44.0,46.8,62.9,44.7,51.7
フード,デザート,ナッツ＆キャラメルチーズケーキ,https://asset.menu.starbucks.co.jp/public/sku_images/4524785553415/4524785553415_11_s.jpg,image_719af1a1-b736-4f56-90a7-0079523fb0c7.png,https://menu.starbucks.co.jp/4524785553415,430.0,5.8,29.4,36.4,0.4,1.4,35.0,152.0,121.0,0.2,13.2,,なし,0.0134883720930232,0.0032558139534883,0.3534883720930232,0.2813953488372093,0.0683720930232558,0.0009302325581395,0.0813953488372093,0.0004651162790697,0.0306976744186046,,44.7,46.7,44.3,45.5,62.3,46.6,41.9,51.1,61.9,45.3,52.76
フード,デザート,ホワイトモカケーキ,https://asset.menu.starbucks.co.jp/public/sku_images/4524785453470/4524785453470_11_s.jpg,image_c7655cbe-5477-48db-878a-c9beb8ff5415.png,https://menu.starbucks.co.jp/4524785453470,302.0,3.9,21.1,24.9,0.2,0.8,24.1,57.0,96.0,0.0,9.0,,あり（アルコール分0.2%）,0.0129139072847682,0.0026490066225165,0.1887417218543046,0.3178807947019867,0.0698675496688741,0.0006622516556291,0.0798013245033112,0.0,0.0298013245033112,,44.5,46.2,42.1,45.5,63.0,45.7,41.6,40.9,61.0,44.575,50.44
フード,デザート,宇治抹茶シフォンケーキ,https://asset.menu.starbucks.co.jp/public/sku_images/4524785488816/4524785488816_11_s.jpg,image_5ca38a67-2daa-452b-ab09-fe17d5b38287.png,https://menu.starbucks.co.jp/4524785488816,298.0,4.2,19.6,26.5,0.2,0.6,25.9,65.0,101.0,0.1,10.3,,なし,0.0140939597315436,0.0020134228187919,0.2181208053691275,0.3389261744966443,0.0657718120805369,0.0006711409395973,0.0869127516778523,0.0003355704697986,0.0345637583892617,,44.9,45.7,42.5,45.5,61.2,45.7,42.9,48.3,65.4,44.65,52.7
フード,ペストリー,チョコレートチャンクスコーン,https://asset.menu.starbucks.co.jp/public/sku_images/4524785496972/4524785496972_11_s.jpg,image_eeec80f4-813d-468b-8e42-510e76021d25.png,https://menu.starbucks.co.jp/4524785496972,358.0,6.3,17.4,45.1,1.2,2.2,42.9,472.0,141.0,0.1,9.1,,なし,0.0175977653631284,0.006145251396648,1.318435754189944,0.3938547486033519,0.0486033519553072,0.0033519553072625,0.1198324022346368,0.0002793296089385,0.0254189944134078,,46.2,49.1,57.3,45.6,53.8,54.3,49.3,47.0,57.1,49.55,52.3
フード,ペストリー,キャラメルトフィースコーン,https://asset.menu.starbucks.co.jp/public/sku_images/4524785523043/4524785523043_11_s.jpg,image_41d4e2f2-81c2-4897-a735-cd5bb7fb6105.png,https://menu.starbucks.co.jp/4524785523043,325.0,5.5,13.5,46.1,0.5,1.3,44.8,200.0,99.0,0.1,6.4,,なし,0.0169230769230769,0.004,0.6153846153846154,0.3046153846153846,0.0415384615384615,0.0015384615384615,0.1378461538461538,0.0003076923076923,0.0196923076923076,,46.0,47.3,47.8,45.5,50.7,48.5,52.8,47.7,51.9,46.65,50.32
フード,ペストリー,シナモンロール,https://asset.menu.starbucks.co.jp/public/sku_images/4524785508361/4524785508361_11_s.jpg,image_677b6f20-bf10-45dc-8a71-77bc6af62843.png,https://menu.starbucks.co.jp/4524785508361,549.0,9.0,29.1,64.1,0.8,2.1,62.0,335.0,114.0,0.1,11.3,,なし,0.0163934426229508,0.0038251366120218,0.6102003642987249,0.2076502732240437,0.0530054644808743,0.0014571948998178,0.1129326047358834,0.0001821493624772,0.0205828779599271,,45.8,47.2,47.8,45.3,55.7,48.3,48.0,44.9,52.7,46.525,49.92
フード,ペストリー,アメリカンワッフル,https://asset.menu.starbucks.co.jp/public/sku_images/4524785466562/4524785466562_11_s.jpg,image_1999bc80-9136-4b35-a18b-a3ce7fcfac11.png,https://menu.starbucks.co.jp/4524785466562,248.0,6.3,11.9,29.1,0.8,0.6,28.5,333.0,88.0,0.1,4.8,,なし,0.0254032258064516,0.0024193548387096,1.342741935483871,0.3548387096774194,0.0479838709677419,0.0032258064516129,0.1149193548387096,0.0004032258064516,0.0193548387096774,,49.2,46.0,57.6,45.6,53.5,53.9,48.4,49.8,51.6,49.6,51.44
フード,ペストリー,シュガードーナツ,https://asset.menu.starbucks.co.jp/public/sku_images/4524785508385/4524785508385_11_s.jpg,image_632152a8-e5a0-4a8a-8c32-b265182675af.png,https://menu.starbucks.co.jp/4524785508385,360.0,4.5,21.4,38.0,0.5,1.1,36.9,207.0,43.0,0.1,7.8,,なし,0.0125,0.0030555555555555,0.575,0.1194444444444444,0.0594444444444444,0.0013888888888888,0.1025,0.0002777777777777,0.0216666666666666,,44.3,46.5,47.3,45.2,58.5,48.0,46.0,47.0,53.7,45.825,50.64
フード,ペストリー,抹茶クリームドーナツ,https://asset.menu.starbucks.co.jp/public/sku_images/4524785558311/4524785558311_11_s.jpg,image_386d6b08-e893-4c90-bb43-a4940b1a53ae.png,https://menu.starbucks.co.jp/4524785558311,429.0,5.0,26.5,43.4,0.6,1.6,41.8,219.0,67.0,0.1,10.2,,なし,0.0116550116550116,0.0037296037296037,0.5104895104895105,0.1561771561771562,0.0617715617715617,0.0013986013986013,0.0974358974358974,0.0002331002331002,0.0237762237762237,,44.0,47.1,46.4,45.3,59.5,48.1,45.0,46.0,55.6,45.7,50.84
フード,ペストリー,チョコレートクリームドーナツ,https://asset.menu.starbucks.co.jp/public/sku_images/4524785511187/4524785511187_11_s.jpg,image_ad02472d-c585-43d6-8580-92c35bb24ca4.png,https://menu.starbucks.co.jp/4524785511187,408.0,6.2,25.0,40.9,0.6,3.1,37.8,230.0,214.0,0.1,12.2,,なし,0.0151960784313725,0.0075980392156862,0.5637254901960784,0.5245098039215687,0.0612745098039215,0.0014705882352941,0.0926470588235294,0.0002450980392156,0.0299019607843137,,45.3,50.3,47.1,45.8,59.3,48.3,44.1,46.3,61.1,47.125,51.82
フード,ペストリー,バナナの米粉マフィン,https://asset.menu.starbucks.co.jp/public/sku_images/4524785537354/4524785537354_11_s.jpg,image_80e2c8b1-8279-4f7e-9ad0-16aa279d5a5d.png,https://menu.starbucks.co.jp/4524785537354,301.0,3.6,12.5,44.0,0.5,0.6,43.4,190.0,61.0,0.1,3.2,,なし,0.0119601328903654,0.0019933554817275,0.6312292358803987,0.2026578073089701,0.0415282392026578,0.0016611295681063,0.1441860465116279,0.0003322259136212,0.0106312292358804,,44.1,45.6,48.1,45.3,50.7,48.9,54.1,48.2,43.6,45.775,49.1
フード,ペストリー,あんバターサンド,https://asset.menu.starbucks.co.jp/public/sku_images/4524785529755/4524785529755_11_s.jpg,image_8e9d7f01-2675-4c7f-91c7-264324a36abc.png,https://menu.starbucks.co.jp/4524785529755,267.0,6.0,9.1,41.3,0.6,2.2,39.1,228.0,76.0,0.1,4.5,,なし,0.0224719101123595,0.0082397003745318,0.8539325842696629,0.2846441947565543,0.0340823970037453,0.0022471910112359,0.146441947565543,0.0003745318352059,0.0168539325842696,,48.1,50.8,51.1,45.5,47.5,50.8,54.5,49.1,49.3,48.875,50.24
フード,ペストリー,もっちりボール アールグレイ＆ハニーミルク,https://asset.menu.starbucks.co.jp/public/sku_images/4524785558328/4524785558328_11_s.jpg,image_66343f43-5927-44f0-991a-d5d8540c241f.png,https://menu.starbucks.co.jp/4524785558328,307.0,8.2,13.8,38.1,0.8,1.2,36.9,315.0,65.0,0.0,2.4,,なし,0.0267100977198697,0.0039087947882736,1.026058631921824,0.2117263843648208,0.0449511400651465,0.0026058631921824,0.1201954397394136,0.0,0.0078175895765472,,49.7,47.2,53.4,45.4,52.2,51.9,49.4,40.9,41.1,48.925,47.1
フード,ペストリー,マロンパウンドケーキ,https://asset.menu.starbucks.co.jp/public/sku_images/4524785546721/4524785546721_11_s.jpg,image_4f01ee4b-b2c5-4428-a8cd-d06c7ec07d4d.png,https://menu.starbucks.co.jp/4524785546721,309.0,3.5,18.0,33.6,0.1,0.9,32.7,45.0,76.0,0.1,7.3,,なし,0.0113268608414239,0.0029126213592233,0.145631067961165,0.2459546925566343,0.058252427184466,0.0003236245954692,0.1058252427184466,0.0003236245954692,0.0236245954692556,,43.9,46.4,41.5,45.4,57.9,44.6,46.6,48.0,55.4,44.3,50.5
フード,ペストリー,アーモンドクロッカン,https://asset.menu.starbucks.co.jp/public/sku_images/4524785546745/4524785546745_11_s.jpg,image_525c37f8-596e-46aa-bf35-d4a4f055ac83.png,https://menu.starbucks.co.jp/4524785546745,378.0,7.0,21.2,41.1,0.8,2.7,38.4,313.0,208.0,0.1,6.5,,なし,0.0185185185185185,0.0071428571428571,0.828042328042328,0.5502645502645502,0.056084656084656,0.0021164021164021,0.1015873015873015,0.0002645502645502,0.0171957671957671,,46.6,49.9,50.7,45.9,57.0,50.4,45.8,46.7,49.6,48.275,49.9
フード,ペストリー,[ドライブスルー店販売]抹茶あんバターサンド,https://asset.menu.starbucks.co.jp/public/sku_images/4524785558335/4524785558335_11_s.jpg,image_2f4a3951-40a7-4820-8211-c8ce2e706ae2.png,https://menu.starbucks.co.jp/4524785558335,243.0,6.0,6.5,41.3,0.6,2.5,38.8,238.0,71.0,0.1,3.5,,なし,0.0246913580246913,0.0102880658436214,0.9794238683127572,0.2921810699588477,0.0267489711934156,0.0024691358024691,0.1596707818930041,0.0004115226337448,0.0144032921810699,,48.9,52.5,52.7,45.5,44.3,51.5,57.1,49.9,47.1,49.9,49.98
フード,ペストリー,ベーコンとほうれん草のキッシュ,https://asset.menu.starbucks.co.jp/public/sku_images/4524785438460/4524785438460_11_s.jpg,image_2f7833bc-8057-4813-b289-50c31418d080.png,https://menu.starbucks.co.jp/4524785438460,343.0,8.4,24.4,23.1,1.6,1.7,21.4,644.0,167.0,0.2,11.2,,なし,0.0244897959183673,0.0049562682215743,1.877551020408164,0.4868804664723032,0.071137026239067,0.0046647230320699,0.0623906705539358,0.0005830903790087,0.0326530612244897,,48.9,48.1,64.8,45.8,63.5,58.5,38.2,53.7,63.6,51.9,55.5
フード,ペストリー,あらびきソーセージパイ,https://asset.menu.starbucks.co.jp/public/sku_images/4524785461512/4524785461512_11_s.jpg,image_9c49af9b-e676-402f-b5ec-c0be61ff8b58.png,https://menu.starbucks.co.jp/4524785461512,343.0,8.8,21.5,28.6,1.6,1.4,27.2,644.0,140.0,0.1,8.2,,なし,0.0256559766763848,0.0040816326530612,1.877551020408164,0.4081632653061224,0.0626822157434402,0.0046647230320699,0.0793002915451895,0.0002915451895043,0.0239067055393586,,49.3,47.4,64.8,45.7,59.9,58.5,41.5,47.3,55.7,51.8,52.58
フード,サンドイッチ,ハム＆マリボーチーズ 石窯フィローネ,https://asset.menu.starbucks.co.jp/public/sku_images/4524785447462/4524785447462_11_s.jpg,image_01a12656-c1da-49bd-98d8-b41337efe1e8.png,https://menu.starbucks.co.jp/4524785447462,342.0,19.0,12.7,39.4,1.8,3.1,36.3,718.0,169.0,0.2,5.6,,なし,0.0555555555555555,0.0090643274853801,2.0994152046783627,0.4941520467836257,0.0371345029239766,0.0052631578947368,0.1061403508771929,0.0005847953216374,0.0163742690058479,,60.6,51.5,67.8,45.8,48.8,60.5,46.7,53.8,48.9,56.425,51.74
フード,サンドイッチ,ヴィーナソーセージ 石窯フィローネ,https://asset.menu.starbucks.co.jp/public/sku_images/4524785516144/4524785516144_11_s.jpg,image_f85979c1-241c-4139-8f63-cd6ee3b17cc5.png,https://menu.starbucks.co.jp/4524785516144,470.0,16.7,23.3,50.7,2.8,4.4,46.3,1092.0,296.0,0.0,6.3,,なし,0.035531914893617,0.0093617021276595,2.323404255319149,0.6297872340425532,0.0495744680851063,0.0059574468085106,0.0985106382978723,0.0,0.0134042553191489,,53.0,51.8,70.8,46.0,54.2,62.7,45.2,40.9,46.2,55.4,49.84
フード,サンドイッチ,バジルチキン＆トマトモッツァレラ 石窯フィローネ,https://asset.menu.starbucks.co.jp/public/sku_images/4524785552524/4524785552524_11_s.jpg,image_e7f06697-6681-4f07-aa3c-61434ceb59a8.png,https://menu.starbucks.co.jp/4524785552524,319.0,18.9,8.5,43.6,2.0,3.9,39.7,785.0,308.0,0.0,2.4,,なし,0.0592476489028213,0.0122257053291536,2.4608150470219434,0.9655172413793104,0.0266457680250783,0.006269592476489,0.1244514106583072,0.0,0.0075235109717868,,62.0,54.2,72.7,46.5,44.2,63.7,50.2,40.9,40.8,58.85,47.96
フード,サンドイッチ,キーマカレー 石窯フィローネ,https://asset.menu.starbucks.co.jp/public/sku_images/4524785537392/4524785537392_11_s.jpg,image_fb33bc3d-3ac4-4310-80d6-93ce85d6723e.png,https://menu.starbucks.co.jp/4524785537392,325.0,12.8,7.1,52.7,2.0,5.2,47.5,806.0,346.0,0.0,1.9,,あり（アルコール分0.1%未満）,0.0393846153846153,0.016,2.48,1.0646153846153843,0.0218461538461538,0.0061538461538461,0.1461538461538461,0.0,0.0058461538461538,,54.5,57.3,72.9,46.6,42.2,63.3,54.4,40.9,39.3,57.825,48.02
フード,サンドイッチ,あらびきソーセージパティ＆スクランブルエッグ イングリッシュマフィン,https://asset.menu.starbucks.co.jp/public/sku_images/4524785521964/4524785521964_11_s.jpg,image_6439f1f2-50d5-4989-9e1b-2817f9dcb9d4.png,https://menu.starbucks.co.jp/4524785521964,320.0,16.8,15.2,28.9,2.1,2.9,26.0,834.0,209.0,0.1,5.3,,あり（アルコール分0.1%未満）,0.0525,0.0090625,2.60625,0.653125,0.0475,0.0065625,0.08125,0.0003125,0.0165625,,59.5,51.5,74.6,46.0,53.3,64.6,41.8,47.8,49.0,57.9,51.3
フード,サンドイッチ,セミドライトマトのピザトースト,https://asset.menu.starbucks.co.jp/public/sku_images/4524785552517/4524785552517_11_s.jpg,image_2480de04-5087-4c08-b89b-81ac9ad2e39a.png,https://menu.starbucks.co.jp/4524785552517,232.0,7.2,6.0,38.7,1.5,2.6,36.1,596.0,250.0,0.0,1.5,,なし,0.0310344827586206,0.0112068965517241,2.5689655172413794,1.0775862068965518,0.0258620689655172,0.0064655172413793,0.1556034482758621,0.0,0.0064655172413793,,51.3,53.3,74.1,46.7,43.9,64.3,56.3,40.9,39.9,56.35,49.06
フード,サンドイッチ,クラブハウスサンド 石窯カンパーニュ,https://asset.menu.starbucks.co.jp/public/sku_images/4524785546769/4524785546769_11_s.jpg,image_1316fe4a-124f-4b2f-9483-3de6882f7ecd.png,https://menu.starbucks.co.jp/4524785546769,294.0,17.8,13.5,25.4,2.2,2.6,22.8,856.0,276.0,0.0,3.1,,なし,0.0605442176870748,0.0088435374149659,2.9115646258503403,0.9387755102040816,0.0459183673469387,0.0074829931972789,0.0775510204081632,0.0,0.0105442176870748,,62.5,51.3,78.7,46.5,52.6,67.6,41.1,40.9,43.6,59.75,49.16
フード,サンドイッチ,ハム＆クリームチーズ 石窯カンパーニュ,https://asset.menu.starbucks.co.jp/public/sku_images/4524785531918/4524785531918_11_s.jpg,image_8b0704d6-e6d0-479b-b9d4-3a691582e38b.png,https://menu.starbucks.co.jp/4524785531918,272.0,16.0,13.8,22.0,1.6,2.1,19.9,605.0,190.0,0.0,4.1,,あり（アルコール分0.1%未満）,0.0588235294117647,0.0077205882352941,2.224264705882353,0.6985294117647058,0.050735294117647,0.0058823529411764,0.0731617647058823,0.0,0.0150735294117647,,61.9,50.4,69.5,46.1,54.7,62.4,40.3,40.9,47.7,56.975,49.2
フード,サンドイッチ,根菜チキン サラダラップ,https://asset.menu.starbucks.co.jp/public/sku_images/4524785529779/4524785529779_11_s.jpg,image_bdf007d6-fdeb-4ab1-a4ed-269321f16649.png,https://menu.starbucks.co.jp/4524785529779,200.0,8.4,9.2,21.9,1.3,2.2,19.7,503.0,168.0,0.0,1.8,,なし,0.042,0.011,2.515,0.84,0.046,0.0065,0.0984999999999999,0.0,0.009,,55.5,53.1,73.4,46.3,52.6,64.4,45.2,40.9,42.2,57.075,49.06
フード,サンドイッチ,えびアボカド サラダラップ,https://asset.menu.starbucks.co.jp/public/sku_images/4524785558342/4524785558342_11_s.jpg,image_e78b168c-383f-401b-a037-4f5c311b22fc.png,https://menu.starbucks.co.jp/4524785558342,273.0,7.3,14.7,28.0,2.0,2.9,25.1,798.0,252.0,0.0,2.6,,なし,0.0267399267399267,0.0106227106227106,2.923076923076923,0.9230769230769232,0.0538461538461538,0.0073260073260073,0.0919413919413919,0.0,0.0095238095238095,,49.7,52.8,78.9,46.4,56.0,67.1,43.9,40.9,42.6,56.95,50.1
フード,パッケージフード,ブラウニー,https://asset.menu.starbucks.co.jp/public/sku_images/4524785549845/4524785549845_11_s.jpg,image_a01401b7-30ff-4e89-b24b-d4bb56147b49.png,https://menu.starbucks.co.jp/4524785549845,206.0,3.0,12.9,20.4,0.1,1.7,18.7,48.0,138.0,0.1,5.6,,なし,0.0145631067961165,0.008252427184466,0.233009708737864,0.6699029126213593,0.0626213592233009,0.0004854368932038,0.0907766990291262,0.0004854368932038,0.0271844660194174,,45.1,50.9,42.7,46.0,59.8,45.1,43.7,51.6,58.7,46.175,51.78
フード,パッケージフード,チョコレートチャンククッキー,https://asset.menu.starbucks.co.jp/public/sku_images/4524785508422/4524785508422_11_s.jpg,image_76dcc6ed-0a35-42ed-95a4-3c6219a24610.png,https://menu.starbucks.co.jp/4524785508422,279.0,2.9,12.4,39.9,0.3,1.9,38.0,126.0,102.0,0.1,5.6,,なし,0.0103942652329749,0.0068100358422939,0.4516129032258064,0.3655913978494624,0.0444444444444444,0.0010752688172043,0.1362007168458781,0.0003584229390681,0.0200716845878136,,43.5,49.7,45.6,45.6,52.0,47.0,52.5,48.8,52.2,46.1,50.5
フード,パッケージフード,ホワイトチョコレートチャンク＆マカダミアクッキー,https://asset.menu.starbucks.co.jp/public/sku_images/4524785508439/4524785508439_11_s.jpg,image_c80b555f-c530-4e8d-8a03-9aafed8e7a03.png,https://menu.starbucks.co.jp/4524785508439,257.0,2.9,11.9,34.5,0.3,1.2,33.3,113.0,70.0,0.1,4.4,,なし,0.011284046692607,0.0046692607003891,0.4396887159533074,0.2723735408560311,0.0463035019455252,0.0011673151750972,0.1295719844357976,0.0003891050583657,0.0171206225680933,,43.9,47.9,45.5,45.4,52.8,47.3,51.2,49.4,49.5,45.675,50.04
フード,パッケージフード,バウムクーヘン,https://asset.menu.starbucks.co.jp/public/sku_images/4524785508415/4524785508415_11_s.jpg,image_4c976511-21e5-4e1b-a345-7b6134191326.png,https://menu.starbucks.co.jp/4524785508415,207.0,3.2,13.1,19.1,0.2,0.3,18.8,70.0,38.0,0.1,4.7,,あり（アルコール分0.1%未満）,0.0154589371980676,0.0014492753623188,0.3381642512077294,0.1835748792270531,0.0632850241545893,0.0009661835748792,0.0908212560386473,0.0004830917874396,0.0227053140096618,,45.4,45.2,44.1,45.3,60.1,46.7,43.7,51.5,54.6,45.0,51.32
フード,パッケージフード,アーモンドフロランタン,https://asset.menu.starbucks.co.jp/public/sku_images/4524785508446/4524785508446_11_s.jpg,image_068e0631-6498-4f5e-88f3-20e467427c6c.png,https://menu.starbucks.co.jp/4524785508446,158.0,2.8,8.7,17.4,0.1,0.7,16.7,23.0,57.0,0.3,3.6,,なし,0.0177215189873417,0.0044303797468354,0.1455696202531645,0.360759493670886,0.0550632911392405,0.000632911392405,0.1056962025316455,0.0018987341772151,0.0227848101265822,,46.3,47.7,41.5,45.6,56.6,45.6,46.6,82.7,54.7,45.275,57.24
フード,パッケージフード,キャラメルポップコーン&プレッツェル,https://asset.menu.starbucks.co.jp/public/sku_images/4524785542655/4524785542655_11_s.jpg,image_65969984-a015-494c-8f7e-2325d98c71e0.png,https://menu.starbucks.co.jp/4524785542655,268.0,2.8,11.2,39.0,0.7,1.3,37.7,293.0,57.0,0.1,5.1,,なし,0.0104477611940298,0.0048507462686567,1.0932835820895523,0.2126865671641791,0.0417910447761194,0.0026119402985074,0.1406716417910448,0.0003731343283582,0.0190298507462686,,43.5,48.0,54.3,45.4,50.8,52.0,53.4,49.1,51.3,47.8,51.32
フード,パッケージフード,ポテトチップス シーソルト,https://asset.menu.starbucks.co.jp/public/sku_images/4524785522596/4524785522596_11_s.jpg,image_a0452d25-c18a-4d99-b796-97a3f010be13.png,https://menu.starbucks.co.jp/4524785522596,256.0,3.0,13.4,30.9,0.4,2.5,28.5,166.0,740.0,0.1,5.1,,なし,0.01171875,0.009765625,0.6484375,2.890625,0.05234375,0.0015625,0.111328125,0.000390625,0.019921875,,44.0,52.1,48.3,49.4,55.4,48.6,47.7,49.5,52.1,48.45,50.66
フード,パッケージフード,4種のクッキーアソートボックス,https://asset.menu.starbucks.co.jp/public/sku_images/4524785553934/4524785553934_11_s.jpg,image_25793e64-7162-43c3-a726-61098d707907.png,https://menu.starbucks.co.jp/4524785553934,975.0,12.5,59.0,100.6,0.4,4.0,96.6,140.0,399.0,0.4,22.2,,なし,0.0128205128205128,0.0041025641025641,0.1435897435897435,0.4092307692307692,0.0605128205128205,0.0004102564102564,0.099076923076923,0.0004102564102564,0.0227692307692307,,44.4,47.4,41.5,45.7,58.9,44.9,45.3,49.9,54.7,44.75,50.74
ビバレッジ,エスプレッソ,ジャンドゥーヤ チョコレート モカ,https://asset.menu.starbucks.co.jp/public/sku_images/4524785556713/4524785556713_11_s.jpg,image_571901e7-4692-4ce5-94ba-90ba2950ebb9.png,https://menu.starbucks.co.jp/4524785556713,391.0,12.3,19.9,41.5,0.3,1.0,40.4,141.0,676.0,0.3,10.6,83.0,,0.0314578005115089,0.0025575447570332,0.3606138107416879,1.7289002557544757,0.0508951406649616,0.0007672634271099,0.1033248081841432,0.0007672634271099,0.0271099744245524,0.2122762148337595,51.5,46.1,44.4,47.6,54.8,46.1,46.1,57.8,58.6,47.4,52.68
ビバレッジ,フラペチーノ,オペラ フラペチーノ®,https://asset.menu.starbucks.co.jp/public/sku_images/4524785515017/4524785515017_11_s.jpg,image_2b51c413-a869-4aab-be84-69179455c5a5.png,https://menu.starbucks.co.jp/4524785515017,395.0,4.8,16.2,59.6,0.6,5.9,53.8,222.0,772.0,0.1,8.6,61.0,,0.0121518987341772,0.0149367088607594,0.5620253164556962,1.954430379746836,0.0410126582278481,0.0015189873417721,0.1362025316455696,0.000253164556962,0.0217721518987341,0.1544303797468354,44.2,56.4,47.1,48.0,50.5,48.5,52.5,46.5,53.8,48.925,50.36
ビバレッジ,フラペチーノ,ホワイト オペラ フラペチーノ®,https://asset.menu.starbucks.co.jp/public/sku_images/4524785515031/4524785515031_11_s.jpg,image_2de65812-5299-48e1-a4c7-b3159223f785.png,https://menu.starbucks.co.jp/4524785515031,479.0,2.2,21.9,69.1,0.5,1.3,67.7,174.0,144.0,0.2,10.0,34.0,,0.0045929018789144,0.0027139874739039,0.3632567849686847,0.3006263048016701,0.0457202505219206,0.0010438413361169,0.1413361169102296,0.0004175365344467,0.0208768267223382,0.0709812108559499,41.3,46.2,44.4,45.5,52.5,46.9,53.5,50.1,52.9,44.35,51.18
フード,デザート,生チョコ in チョコレートパイ,https://asset.menu.starbucks.co.jp/public/sku_images/4524785558151/4524785558151_11_s.jpg,image_07167b2f-09b0-486a-b349-54944587a5cd.png,https://menu.starbucks.co.jp/4524785558151,337.0,4.1,23.6,28.1,0.3,2.2,25.9,134.0,190.0,0.0,10.0,,なし,0.0121661721068249,0.0065281899109792,0.3976261127596439,0.5637982195845698,0.0700296735905044,0.0008902077151335,0.0768545994065281,0.0,0.029673590504451,,44.2,49.4,44.9,45.9,63.1,46.4,41.0,40.9,60.9,46.1,50.46
フード,ペストリー,チョコレートの米粉マフィン,https://asset.menu.starbucks.co.jp/public/sku_images/4524785558106/4524785558106_11_s.jpg,image_834ff024-6d4f-4941-b417-f25de6fdf2cc.png,https://menu.starbucks.co.jp/4524785558106,309.0,4.4,14.0,42.1,0.6,1.7,40.4,243.0,166.0,0.0,3.3,,なし,0.0142394822006472,0.0055016181229773,0.7864077669902912,0.5372168284789643,0.0453074433656957,0.0019417475728155,0.1307443365695793,0.0,0.0106796116504854,,45.0,48.6,50.1,45.8,52.3,49.8,51.4,40.9,43.7,47.375,47.62
フード,ペストリー,クッキーとチョコレートのパウンドケーキ,https://asset.menu.starbucks.co.jp/public/sku_images/4524785527829/4524785527829_11_s.jpg,image_efcaffc0-0f17-49b8-bf5a-d0454e5d2f10.png,https://menu.starbucks.co.jp/4524785527829,338.0,4.9,20.3,34.9,0.4,1.4,33.5,158.0,120.0,0.1,7.4,,なし,0.0144970414201183,0.0041420118343195,0.4674556213017751,0.3550295857988165,0.0600591715976331,0.0011834319526627,0.0991124260355029,0.0002958579881656,0.0218934911242603,,45.1,47.4,45.8,45.6,58.7,47.4,45.3,47.4,53.9,45.975,50.54
フード,サンドイッチ,照り焼きチキン 石窯フィローネ,https://asset.menu.starbucks.co.jp/public/sku_images/4524785561571/4524785561571_11_s.jpg,image_bbafcb30-ea81-469f-9f55-204ecb2f3186.png,https://menu.starbucks.co.jp/4524785561571,398.0,17.9,16.7,45.8,2.1,3.7,42.1,818.0,261.0,0.0,3.9,,あり（アルコール分0.1%未満）,0.0449748743718592,0.0092964824120603,2.055276381909548,0.6557788944723618,0.0419597989949748,0.0052763819095477,0.1057788944723618,0.0,0.0097989949748743,,56.6,51.7,67.2,46.0,50.9,60.5,46.6,40.9,42.9,55.375,48.36
フード,パッケージフード,2種のストロベリーチョコレート,https://asset.menu.starbucks.co.jp/public/sku_images/4524785554092/4524785554092_11_s.jpg,image_9f6b731a-5be7-4bfa-882f-be5b283ff3f6.png,https://menu.starbucks.co.jp/4524785554092,695.0,7.2,46.6,63.6,0.2,3.7,59.9,64.0,505.0,0.1,25.0,,なし,0.0103597122302158,0.0053237410071942,0.0920863309352518,0.7266187050359713,0.0670503597122302,0.0002877697841726,0.0861870503597122,0.0001438848920863,0.0359712230215827,,43.5,48.4,40.8,46.1,61.8,44.5,42.8,44.0,66.6,44.7,51.94
